seed;spawn_prob;start;strategy;success_rate;mean_steps;mean_speed
11;0,005;1;predictive;0,98;63,06122448979592;0,9381161181551049
11;0,005;1;safe;0,96;62,28125;0,9490948983807366
11;0,005;1;shortest;0,9;62,36666666666667;0,9468353541493305
11;0,005;2;predictive;1,0;58,61;0,9431202698959236
11;0,005;2;safe;0,99;57,878787878787875;0,9510984746962796
11;0,005;2;shortest;0,99;57,878787878787875;0,9510984746962796
11;0,005;3;predictive;0,99;43,464646464646464;0,9464798262303481
11;0,005;3;safe;0,98;43,326530612244895;0,9475598967259814
11;0,005;3;shortest;0,98;43,326530612244895;0,9475598967259814
11;0,01;1;predictive;0,94;63,797872340425535;0,9304380683763627
11;0,01;1;safe;0,93;62,365591397849464;0,9467985877048277
11;0,01;1;shortest;0,86;62,52325581395349;0,944611247845683
11;0,01;2;predictive;0,99;58,45454545454545;0,9434769602321142
11;0,01;2;safe;0,95;58,50526315789474;0,9445262917928954
11;0,01;2;shortest;0,94;57,8936170212766;0,9511150711781393
11;0,01;3;predictive;0,98;44,0;0,936877614505002
11;0,01;3;safe;0,93;43,68817204301075;0,9432770869511188
11;0,01;3;shortest;0,92;43,15217391304348;0,9513371368564038
11;0,02;1;predictive;0,95;66,18947368421053;0,9116360797221855
11;0,02;1;safe;0,83;62,626506024096386;0,9437431200813206
11;0,02;1;shortest;0,83;62,12048192771084;0,9503586877545717
11;0,02;2;predictive;0,95;60,863157894736844;0,9158082440011689
11;0,02;2;safe;0,84;58,654761904761905;0,9430518804311386
11;0,02;2;shortest;0,81;58,098765432098766;0,9478109272449973
11;0,02;3;predictive;0,97;45,8041237113402;0,9136775180010919
11;0,02;3;safe;0,9;44,077777777777776;0,9382894303529882
11;0,02;3;shortest;0,81;42,98765432098765;0,9549208004177205
11;0,03;1;predictive;0,89;67,33707865168539;0,8933470935304952
11;0,03;1;safe;0,67;64,1044776119403;0,9291145293146571
11;0,03;1;shortest;0,6;61,96666666666667;0,9531173265131947
11;0,03;2;predictive;0,92;61,391304347826086;0,9125216058772263
11;0,03;2;safe;0,89;59,13483146067416;0,9369525981419159
11;0,03;2;shortest;0,79;58,050632911392405;0,9483260335163703
11;0,03;3;predictive;0,97;44,97938144329897;0,9257149453907338
11;0,03;3;safe;0,8;44,5125;0,9319591043607305
11;0,03;3;shortest;0,82;43,21951219512195;0,9500433530107675
11;0,05;1;predictive;0,78;70,07692307692308;0,8785613968744201
11;0,05;1;safe;0,66;64,13636363636364;0,9264196755349797
11;0,05;1;shortest;0,44;61,93181818181818;0,9536841849039045
11;0,05;2;predictive;0,87;63,01149425287356;0,8988311141478932
11;0,05;2;safe;0,76;58,526315789473685;0,9428677545255382
11;0,05;2;shortest;0,74;58,108108108108105;0,9473779089772933
11;0,05;3;predictive;0,89;50,752808988764045;0,8716808867616497
11;0,05;3;safe;0,74;44,432432432432435;0,9307415886750728
11;0,05;3;shortest;0,6;42,95;0,955516656376218
22;0,005;1;predictive;0,97;62,27835051546392;0,9493509074923767
22;0,005;1;safe;0,97;62,34020618556701;0,9483358926516572
22;0,005;1;shortest;0,94;62,212765957446805;0,9492873561795012
22;0,005;2;predictive;1,0;58,77;0,9423963358925532
22;0,005;2;safe;0,93;57,623655913978496;0,9551488407015306
22;0,005;2;shortest;0,94;57,755319148936174;0,9530970591460636
22;0,005;3;predictive;1,0;43,63;0,9445384844218117
22;0,005;3;safe;0,95;43,17894736842105;0,9510349753629529
22;0,005;3;shortest;0,94;43,0;0,954635486335382
22;0,01;1;predictive;0,96;66,36458333333333;0,9106630712902475
22;0,01;1;safe;0,91;62,48351648351648;0,9462299982940585
22;0,01;1;shortest;0,88;61,89772727272727;0,9538264543848857
22;0,01;2;predictive;0,97;59,2680412371134;0,9351923181278716
22;0,01;2;safe;0,92;58,391304347826086;0,9464588178721042
22;0,01;2;shortest;0,87;57,86206896551724;0,9513729485322855
22;0,01;3;predictive;0,98;43,94897959183673;0,9425745409177451
22;0,01;3;safe;0,96;44,25;0,9376545094256009
22;0,01;3;shortest;0,9;42,91111111111111;0,9565563213167445
22;0,02;1;predictive;0,96;66,96875;0,9045442214896305
22;0,02;1;safe;0,85;63,11764705882353;0,9402542435587625
22;0,02;1;shortest;0,76;62,0921052631579;0,9509501523033105
22;0,02;2;predictive;0,96;62,114583333333336;0,9051152840133061
22;0,02;2;safe;0,87;58,50574712643678;0,9422504549018439
22;0,02;2;shortest;0,77;57,64935064935065;0,9546233812079973
22;0,02;3;predictive;0,97;45,123711340206185;0,9289392630507153
22;0,02;3;safe;0,9;43,41111111111111;0,9461965627218062
22;0,02;3;shortest;0,87;43,241379310344826;0,949221023195231
22;0,03;1;predictive;0,9;68,38888888888889;0,8924703255097955
22;0,03;1;safe;0,66;63,54545454545455;0,9371979361924684
22;0,03;1;shortest;0,66;62,28787878787879;0,9479719594208474
22;0,03;2;predictive;0,93;60,73118279569893;0,9197686242005055
22;0,03;2;safe;0,83;58,57831325301205;0,9421591791056411
22;0,03;2;shortest;0,76;58,171052631578945;0,9461101042589231
22;0,03;3;predictive;0,93;45,82795698924731;0,9174667013154603
22;0,03;3;safe;0,87;45,18390804597701;0,9221054890387306
22;0,03;3;shortest;0,81;43,370370370370374;0,946142608689888
22;0,05;1;predictive;0,67;69,3731343283582;0,880063674276395
22;0,05;1;safe;0,59;64,69491525423729;0,9213119009900387
22;0,05;1;shortest;0,5;61,9;0,9540876288910557
22;0,05;2;predictive;0,89;63,53932584269663;0,8961404579996445
22;0,05;2;safe;0,78;59,08974358974359;0,9363109191749149
22;0,05;2;shortest;0,75;57,64;0,9549814997754207
22;0,05;3;predictive;0,8;47,75;0,8868904902584193
22;0,05;3;safe;0,74;45,7027027027027;0,91745476069247
22;0,05;3;shortest;0,69;42,84057971014493;0,9581487169170931
33;0,005;1;predictive;0,96;64,41666666666667;0,9283191247764838
33;0,005;1;safe;0,95;62,463157894736845;0,9453584396533594
33;0,005;1;shortest;0,95;62,473684210526315;0,945070904317648
33;0,005;2;predictive;1,0;58,5;0,9423420674684837
33;0,005;2;safe;0,99;58,09090909090909;0,9475977034001
33;0,005;2;shortest;0,98;58,02040816326531;0,9487784948551212
33;0,005;3;predictive;1,0;44,25;0,9371985810727446
33;0,005;3;safe;0,97;43,52577319587629;0,9446101012571274
33;0,005;3;shortest;0,95;43,32631578947368;0,947536311082098
33;0,01;1;predictive;0,95;64,62105263157895;0,9244491297945229
33;0,01;1;safe;0,94;62,797872340425535;0,9423535465780889
33;0,01;1;shortest;0,84;62,154761904761905;0,9499792452813671
33;0,01;2;predictive;0,99;60,717171717171716;0,9276471828852692
33;0,01;2;safe;0,91;58,02197802197802;0,9487900062063117
33;0,01;2;shortest;0,88;58,28409090909091;0,9445765217810355
33;0,01;3;predictive;0,94;43,244680851063826;0,9496962647088768
33;0,01;3;safe;0,95;43,27368421052632;0,9504745682961527
33;0,01;3;shortest;0,91;42,89010989010989;0,9568150139939826
33;0,02;1;predictive;0,88;63,98863636363637;0,9289487700231173
33;0,02;1;safe;0,74;63,08108108108108;0,9390186678457892
33;0,02;1;shortest;0,73;62,273972602739725;0,948255061208289
33;0,02;2;predictive;0,95;59,67368421052632;0,9317331900780428
33;0,02;2;safe;0,88;58,625;0,9423022352505842
33;0,02;2;shortest;0,83;57,86746987951807;0,9511457657682271
33;0,02;3;predictive;0,96;45,5625;0,9191719755706252
33;0,02;3;safe;0,89;43,91011235955056;0,9385979311939522
33;0,02;3;shortest;0,76;43,06578947368421;0,9531414789027327
33;0,03;1;predictive;0,88;66,80681818181819;0,8996506956911348
33;0,03;1;safe;0,69;62,53623188405797;0,945571797383861
33;0,03;1;shortest;0,69;62,30434782608695;0,9477644151795136
33;0,03;2;predictive;0,9;61,71111111111111;0,9110830568776663
33;0,03;2;safe;0,86;59,04651162790697;0,9382080388241325
33;0,03;2;shortest;0,77;57,675324675324674;0,9541763595211449
33;0,03;3;predictive;0,92;44,858695652173914;0,9280991152589759
33;0,03;3;safe;0,83;44,506024096385545;0,9294420173707664
33;0,03;3;shortest;0,78;43,256410256410255;0,9492346485409041
33;0,05;1;predictive;0,74;68,71621621621621;0,8837576487933921
33;0,05;1;safe;0,52;64,65384615384616;0,9190238648820324
33;0,05;1;shortest;0,5;61,78;0,9555630382236013
33;0,05;2;predictive;0,85;62,694117647058825;0,9008581252337932
33;0,05;2;safe;0,65;59,03076923076923;0,9374279124405014
33;0,05;2;shortest;0,73;57,6986301369863;0,9540700865596198
33;0,05;3;predictive;0,9;49,37777777777778;0,8714692051118011
33;0,05;3;safe;0,7;46,47142857142857;0,9080036060274029
33;0,05;3;shortest;0,61;43,295081967213115;0,9479698929726138
44;0,005;1;predictive;0,95;62,89473684210526;0,942313132859446
44;0,005;1;safe;0,92;62,79347826086956;0,9419780769060714
44;0,005;1;shortest;0,91;62,13186813186813;0,9504490575982094
44;0,005;2;predictive;0,97;58,55670103092783;0,9457190263596783
44;0,005;2;safe;0,99;57,83838383838384;0,9516979598746592
44;0,005;2;shortest;0,99;57,83838383838384;0,9516979598746592
44;0,005;3;predictive;0,98;43,38775510204081;0,9467452128736624
44;0,005;3;safe;0,96;43,010416666666664;0,9542784621207193
44;0,005;3;shortest;0,95;43,136842105263156;0,95173461375287
44;0,01;1;predictive;0,98;63,16326530612245;0,9380088912943216
44;0,01;1;safe;0,9;63,56666666666667;0,9324069800820186
44;0,01;1;shortest;0,81;62,074074074074076;0,9511884939592575
44;0,01;2;predictive;0,99;58,77777777777778;0,9416204387378672
44;0,01;2;safe;0,91;58,0;0,9492369377296473
44;0,01;2;shortest;0,91;57,967032967032964;0,9500024961302256
44;0,01;3;predictive;1,0;44,19;0,9369203463911944
44;0,01;3;safe;0,95;43,50526315789474;0,9456939191105163
44;0,01;3;shortest;0,94;43,159574468085104;0,951203698327131
44;0,02;1;predictive;0,9;67,1;0,8972257416921439
44;0,02;1;safe;0,8;63,875;0,9318498318793637
44;0,02;1;shortest;0,71;62,0;0,952421860727023
44;0,02;2;predictive;0,93;62,344086021505376;0,9110718818963476
44;0,02;2;safe;0,88;59,39772727272727;0,9322900473944823
44;0,02;2;shortest;0,8;57,9125;0,950636690816264
44;0,02;3;predictive;0,99;44,303030303030305;0,9327934192533978
44;0,02;3;safe;0,9;43,48888888888889;0,9456661980515703
44;0,02;3;shortest;0,9;43,0;0,9545900172270116
44;0,03;1;predictive;0,87;67,95402298850574;0,8906734464149788
44;0,03;1;safe;0,74;63,16216216216216;0,9371915848873748
44;0,03;1;shortest;0,62;62,225806451612904;0,9486902274628464
44;0,03;2;predictive;0,9;59,522222222222226;0,9337233085418776
44;0,03;2;safe;0,76;59,1578947368421;0,9376514762078384
44;0,03;2;shortest;0,77;58,03896103896104;0,9485908364283043
44;0,03;3;predictive;0,89;44,752808988764045;0,9291571730834756
44;0,03;3;safe;0,78;44,217948717948715;0,9369640727166905
44;0,03;3;shortest;0,77;43,15584415584416;0,9516117609475934
44;0,05;1;predictive;0,69;66,1304347826087;0,9055851953480226
44;0,05;1;safe;0,47;64,44680851063829;0,9217480554126889
44;0,05;1;shortest;0,48;62,041666666666664;0,951889930739708
44;0,05;2;predictive;0,87;60,10344827586207;0,9251352547720081
44;0,05;2;safe;0,69;57,95652173913044;0,9501887450542178
44;0,05;2;shortest;0,68;57,98529411764706;0,9494250233094486
44;0,05;3;predictive;0,86;48,2906976744186;0,8829859261999672
44;0,05;3;safe;0,68;44,8235294117647;0,9256484677921331
44;0,05;3;shortest;0,72;42,986111111111114;0,9547756036296648
55;0,005;1;predictive;0,99;62,696969696969695;0,9436028890372383
55;0,005;1;safe;0,94;62,09574468085106;0,9510933452694217
55;0,005;1;shortest;0,94;61,787234042553195;0,9556774589813136
55;0,005;2;predictive;0,98;57,58163265306123;0,9561654865631364
55;0,005;2;safe;0,98;57,58163265306123;0,9561654865631364
55;0,005;2;shortest;0,95;57,61052631578947;0,9554858108313891
55;0,005;3;predictive;0,99;43,35353535353536;0,9500583634681209
55;0,005;3;safe;0,97;43,04123711340206;0,9536385346364097
55;0,005;3;shortest;0,94;42,92553191489362;0,9559506854082976
55;0,01;1;predictive;0,99;64,70707070707071;0,9236315284771907
55;0,01;1;safe;0,92;63,01086956521739;0,9402522610543599
55;0,01;1;shortest;0,84;62,095238095238095;0,9510034725503344
55;0,01;2;predictive;0,99;58,5959595959596;0,9410518898806652
55;0,01;2;safe;0,95;58,55789473684211;0,9447903591349863
55;0,01;2;shortest;0,93;57,946236559139784;0,9499112081813182
55;0,01;3;predictive;0,93;43,526881720430104;0,9457280125329708
55;0,01;3;safe;0,93;44,064516129032256;0,9390664632786176
55;0,01;3;shortest;0,95;43,189473684210526;0,9506221816859294
55;0,02;1;predictive;0,9;66,3;0,9081764007145127
55;0,02;1;safe;0,78;62,87179487179487;0,9412043550662949
55;0,02;1;shortest;0,7;62,114285714285714;0,9506696463587773
55;0,02;2;predictive;0,96;59,010416666666664;0,9373608026979193
55;0,02;2;safe;0,87;57,96551724137931;0,9503605041044082
55;0,02;2;shortest;0,81;58,111111111111114;0,9474783185632062
55;0,02;3;predictive;0,93;44,17204301075269;0,935172007875693
55;0,02;3;safe;0,92;43,44565217391305;0,9461864705958649
55;0,02;3;shortest;0,89;43,168539325842694;0,9512710089305807
55;0,03;1;predictive;0,77;68,42857142857143;0,8866064262536056
55;0,03;1;safe;0,72;63,125;0,9414647475927368
55;0,03;1;shortest;0,65;62,13846153846154;0,9501469894119737
55;0,03;2;predictive;0,93;60,225806451612904;0,9207622398214214
55;0,03;2;safe;0,84;57,94047619047619;0,9501869370102932
55;0,03;2;shortest;0,72;57,916666666666664;0,9504416142442262
55;0,03;3;predictive;0,88;45,45454545454545;0,9194478980307256
55;0,03;3;safe;0,81;43,876543209876544;0,9385865399044778
55;0,03;3;shortest;0,78;42,82051282051282;0,9583537724648453
55;0,05;1;predictive;0,74;70,98648648648648;0,862550440396355
55;0,05;1;safe;0,58;65,03448275862068;0,9172408046151899
55;0,05;1;shortest;0,57;61,98245614035088;0,9529743422392148
55;0,05;2;predictive;0,89;62,449438202247194;0,9014191925136085
55;0,05;2;safe;0,76;59,171052631578945;0,9353392542761528
55;0,05;2;shortest;0,65;57,86153846153846;0,9515227855662585
55;0,05;3;predictive;0,87;50,95402298850575;0,8555977463459921
55;0,05;3;safe;0,71;45,521126760563384;0,9201721478820786
55;0,05;3;shortest;0,71;42,7887323943662;0,9596283095072596
